fam_Transmission_21_1_1,fam_Transmission_21_3_1
M1_M1,0.0961024721110341,0.119254317140554
M2_M2,0.0314035348948597,0
M3_M3,0.133986624725727,0.0166171787480908
M4_M4,0.015882615421947,0.0869109579830825
M5_M5,0.256478895827014,0.0157568923730678
M6_M6,0,0.00546990638614965
M7_M7,0.15435243748854,0.0782354198790371
M8_M8,0.118327361810398,0.0683707345813625
M9_M9,0,0
M10_M10,0.0974637006329409,0.319743908873959
Unknown,0.0960023570875399,0.289640684034696
